id.outcome,outcome,exposure,method,nsnp,b,se,pval,lo_ci,up_ci,or,or_lci95,or_uci95,fdr
ieu-a-1126,Breast cancer (Combined Oncoarray; iCOGS; GWAS meta analysis) || id:ieu-a-1126,PARK7,Inverse variance weighted,2,-0.051808768,0.016216424,0.001399117,-0.08359296,-0.020024577,0.949510426,0.919805578,0.980174583,0.009793821
ieu-a-966,Lung cancer || id:ieu-a-966,SFTPB,Weighted median,3,-0.106293561,0.030973444,0.000599668,-0.167001512,-0.04558561,0.89916065,0.846198332,0.955437804,0.009914164
ieu-a-966,Lung cancer || id:ieu-a-966,SFTPB,Inverse variance weighted,3,-0.107340385,0.031791272,0.000734382,-0.169651277,-0.045029492,0.898219881,0.843959073,0.955969288,0.009914164
ieu-b-85,Prostate cancer || id:ieu-b-85,SPINT2,Weighted median,6,0.048077153,0.009022433,9.90E-08,0.030393184,0.065761123,1.049251606,1.030859772,1.067971573,6.93E-07
ieu-b-85,Prostate cancer || id:ieu-b-85,CREB3L4,Wald ratio,1,0.094664512,0.026114348,0.000288961,0.04348039,0.145848635,1.099289995,1.044439512,1.157021042,0.001011365
ieu-b-85,Prostate cancer || id:ieu-b-85,SPINT2,Weighted mode,6,0.050216942,0.008870876,0.00239133,0.032830025,0.067603859,1.051499186,1.033374876,1.069941377,0.005579771
ieu-b-85,Prostate cancer || id:ieu-b-85,SPINT2,Simple mode,6,0.057141028,0.012327552,0.005656995,0.032979026,0.081303031,1.058805121,1.033528861,1.084699544,0.009899742